symbol,trade_date,open,high,low,close,vol,oi,amount,sp500,vix,dxy,usdcny,us10y,inf_expect,real_rate,wti,audusd,usdcnh,usdjpy,spot_price,gold_price,_source_file,label_target_ret_5d,next_trade_date,ret_1,ma5,ma10,momentum_5,volatility_10,wad,wad_valid,vr,vr_valid,mfi,kc_pos,kc_width,kc_bias,kc_squeeze,kc_breakout,dist_ma20,dist_ma20_rank,vol_regime,volume,ret_skew_w30,ret_kurt_w30,vol_skew_w30,vol_kurt_w30,vol_skew_z_w30,vol_kurt_z_w30,ret_skew_w60,ret_kurt_w60,vol_skew_w60,vol_kurt_w60,vol_skew_z_w60,vol_kurt_z_w60,ret_skew_w120,ret_kurt_w120,vol_skew_w120,vol_kurt_w120,vol_skew_z_w120,vol_kurt_z_w120,ret_kurt_std_w120,v_skew_ratio,v_skew_ma5,v_skew_tag,v_skew_shadow_bias,v_skew_raw_z,hurst_value,hurst_regime,hurst_strength,hurst_signal_long,hurst_signal_short,auto_corr_l1,auto_alpha_stability,hilbert_amp,hilbert_phase,hilbert_freq,vr_skew_w30,vr_kurt_w30,vr_skew_rank_w30,vr_kurt_rank_w30,vr_skew_w60,vr_kurt_w60,vr_skew_rank_w60,vr_kurt_rank_w60,vr_skew_w120,vr_kurt_w120,vr_skew_rank_w120,vr_kurt_rank_w120,pv_skew_ratio,pv_skew_ma5,pv_shadow_bias,pv_wad,pv_wad_z,pv_div_idx,pv_chip_vacuum,vr_ratio,pv_ddi,pv_addi,mfi_index,pv_oi_diff,pv_oi_momentum,pv_oi_efficiency,pv_oi_vol_ratio,sector,ret,ret_1_cs_rank,ret_1_cs_z,ma5_cs_rank,ma5_cs_z,ma10_cs_rank,ma10_cs_z,momentum_5_cs_rank,momentum_5_cs_z,volatility_10_cs_rank,volatility_10_cs_z,wad_cs_rank,wad_cs_z,vr_cs_rank,vr_cs_z,mfi_cs_rank,mfi_cs_z,kc_pos_cs_rank,kc_pos_cs_z,kc_width_cs_rank,kc_width_cs_z,kc_bias_cs_rank,kc_bias_cs_z,kc_squeeze_cs_rank,kc_squeeze_cs_z,kc_breakout_cs_rank,kc_breakout_cs_z,dist_ma20_cs_rank,dist_ma20_cs_z,dist_ma20_rank_cs_rank,dist_ma20_rank_cs_z,volume_cs_rank,volume_cs_z,ret_skew_w30_cs_rank,ret_skew_w30_cs_z,ret_kurt_w30_cs_rank,ret_kurt_w30_cs_z,vol_skew_w30_cs_rank,vol_skew_w30_cs_z,vol_kurt_w30_cs_rank,vol_kurt_w30_cs_z,vol_skew_z_w30_cs_rank,vol_skew_z_w30_cs_z,vol_kurt_z_w30_cs_rank,vol_kurt_z_w30_cs_z,ret_skew_w60_cs_rank,ret_skew_w60_cs_z,ret_kurt_w60_cs_rank,ret_kurt_w60_cs_z,vol_skew_w60_cs_rank,vol_skew_w60_cs_z,vol_kurt_w60_cs_rank,vol_kurt_w60_cs_z,vol_skew_z_w60_cs_rank,vol_skew_z_w60_cs_z,vol_kurt_z_w60_cs_rank,vol_kurt_z_w60_cs_z,ret_skew_w120_cs_rank,ret_skew_w120_cs_z,ret_kurt_w120_cs_rank,ret_kurt_w120_cs_z,vol_skew_w120_cs_rank,vol_skew_w120_cs_z,vol_kurt_w120_cs_rank,vol_kurt_w120_cs_z,vol_skew_z_w120_cs_rank,vol_skew_z_w120_cs_z,vol_kurt_z_w120_cs_rank,vol_kurt_z_w120_cs_z,ret_kurt_std_w120_cs_rank,ret_kurt_std_w120_cs_z,v_skew_ratio_cs_rank,v_skew_ratio_cs_z,v_skew_ma5_cs_rank,v_skew_ma5_cs_z,v_skew_shadow_bias_cs_rank,v_skew_shadow_bias_cs_z,v_skew_raw_z_cs_rank,v_skew_raw_z_cs_z,hurst_value_cs_rank,hurst_value_cs_z,hurst_strength_cs_rank,hurst_strength_cs_z,hurst_signal_long_cs_rank,hurst_signal_long_cs_z,hurst_signal_short_cs_rank,hurst_signal_short_cs_z,auto_corr_l1_cs_rank,auto_corr_l1_cs_z,auto_alpha_stability_cs_rank,auto_alpha_stability_cs_z,hilbert_amp_cs_rank,hilbert_amp_cs_z,hilbert_phase_cs_rank,hilbert_phase_cs_z,hilbert_freq_cs_rank,hilbert_freq_cs_z,vr_skew_w30_cs_rank,vr_skew_w30_cs_z,vr_kurt_w30_cs_rank,vr_kurt_w30_cs_z,vr_skew_rank_w30_cs_rank,vr_skew_rank_w30_cs_z,vr_kurt_rank_w30_cs_rank,vr_kurt_rank_w30_cs_z,vr_skew_w60_cs_rank,vr_skew_w60_cs_z,vr_kurt_w60_cs_rank,vr_kurt_w60_cs_z,vr_skew_rank_w60_cs_rank,vr_skew_rank_w60_cs_z,vr_kurt_rank_w60_cs_rank,vr_kurt_rank_w60_cs_z,vr_skew_w120_cs_rank,vr_skew_w120_cs_z,vr_kurt_w120_cs_rank,vr_kurt_w120_cs_z,vr_skew_rank_w120_cs_rank,vr_skew_rank_w120_cs_z,vr_kurt_rank_w120_cs_rank,vr_kurt_rank_w120_cs_z,pv_skew_ratio_cs_rank,pv_skew_ratio_cs_z,pv_skew_ma5_cs_rank,pv_skew_ma5_cs_z,pv_shadow_bias_cs_rank,pv_shadow_bias_cs_z,pv_wad_cs_rank,pv_wad_cs_z,pv_wad_z_cs_rank,pv_wad_z_cs_z,pv_div_idx_cs_rank,pv_div_idx_cs_z,pv_chip_vacuum_cs_rank,pv_chip_vacuum_cs_z,vr_ratio_cs_rank,vr_ratio_cs_z,pv_ddi_cs_rank,pv_ddi_cs_z,pv_addi_cs_rank,pv_addi_cs_z,mfi_index_cs_rank,mfi_index_cs_z,pv_oi_diff_cs_rank,pv_oi_diff_cs_z,pv_oi_momentum_cs_rank,pv_oi_momentum_cs_z,pv_oi_efficiency_cs_rank,pv_oi_efficiency_cs_z,pv_oi_vol_ratio_cs_rank,pv_oi_vol_ratio_cs_z,sector_ret_rank,sector_corr_20,score_trend,score_liquidity,score_quality,score_structure,raw_score,final_alpha_score,signal_resonance,Reason
HC,2026-04-24,3386.0,3402.0,3386.0,3392.0,358558.0,1.78552e+06,1.2171005e+06,,,,,,,,,,,,,1032.12,HC.SHF.csv,,,0.0020679235,3378.6,3339.0,0.020457268,0.0045339065,-758.0,1,149.75497,1,74.247055,1.5731052,0.022509059,3.2193158,1.0,1.0,2.415459,0.92,0.0,,1.0639755,0.5247103,,,,,0.77004665,0.39384976,,,,,0.7466341,1.5919118,,,,,1.6908495,2.6666667,2.6290476,0.0,0.625,-0.18283708,0.2314788,-1.0,0.5370424,0.0,0.0,-0.14626724,0.14626724,100.51266,0.6502712,-0.02879663,1.4692042,1.4735355,0.71031743,0.6547619,1.6366186,2.932007,0.8015873,0.6388889,1.2290921,1.7026569,0.25,0.21825397,2.6666667,2.6290476,0.625,-2.4178455e+09,2.231106,0.0,1.39012615e-08,149.75497,0.74485594,0.2955709,74.247055,85580.0,585109.0,0.00011621766,4.9797244,黑色,0.0020679235,0.7692308,0.41517085,0.2923077,-0.31518462,0.2923077,-0.3152099,0.8153846,0.6013326,0.03076923,-0.88897103,0.35384616,-0.17167759,0.8153846,0.9836128,0.8769231,1.2319418,0.9692308,1.7078191,0.015384615,-1.2152383,0.9692308,1.707819,0.9230769,2.1985373,0.8384615,1.3872547,0.6923077,0.36363363,0.9153846,1.1347866,,,0.83076924,0.69198465,0.18461539,-0.5240437,,,,,,,,,0.8,0.46993768,0.046153847,-0.56180817,,,,,,,,,0.8,0.44433942,0.18461539,-0.46696874,,,,,,,,,0.6769231,-0.04279042,0.56153846,-0.12403474,0.2769231,-0.20842533,0.9846154,1.71084,0.43076923,-0.26966384,0.2769231,-0.68711334,0.73846155,0.6311625,0.47692308,-0.25409633,0.47692308,-0.25409633,0.24615385,-0.6477899,0.7076923,0.43011007,0.24615385,-0.29160348,0.61538464,0.6772864,0.36923078,-0.097152,0.8,0.6507668,0.6769231,-0.00854294,0.61538464,0.62220347,0.63076925,0.50787,0.63076925,0.12151521,0.5538462,-0.17162429,0.63076925,0.5947392,0.4923077,0.12932803,0.33846155,-0.5326629,0.3846154,-0.46942028,0.21538462,-1.191811,0.16923077,-1.279384,0.56153846,-0.12403474,0.2769231,-0.20842533,0.9846154,1.71084,0.13846155,-0.3091022,0.9692308,1.9559345,0.6230769,0.46834284,0.06153846,-0.4425234,0.8153846,0.9836127,0.9846154,1.3112689,1.0,2.2284415,0.8769231,1.2319418,0.9846154,3.5,1.0,3.5,0.33846155,-0.26189733,1.0,3.5,0.6666667,0.7243124,0.8653846,0.96307695,0.0,0.7323077280704793,0.5785000022191268,127.59416331075556,True,5日动量极强、资金强势流入、量仓共振
PK,2026-04-24,8442.0,8454.0,8378.0,8422.0,77445.0,202067.0,325984.1,,,,,,,,,,,,,1032.12,PK.ZCE.csv,,,-0.0018962026,8403.2,8375.4,0.0083812475,0.004456328,-6114.0,1,92.803154,1,65.86699,1.1408554,0.032879904,1.9225663,0.0,1.0,2.1071265,0.908,2.0,,2.0827227,8.783084,,,,,2.1614392,10.749883,,,,,1.7269623,7.811878,,,,,2.2363796,3.8,4.0818377,0.0,-0.42105263,-0.12909944,0.103497356,-1.0,0.7930053,0.0,0.0,-0.15842174,0.15842174,316.03543,0.9885059,0.0136763,0.9444693,0.46525568,0.28968254,0.17857143,3.4492874,17.915152,0.97619045,0.97619045,1.3734143,3.0706203,0.84126985,0.97619045,3.8,4.0818377,-0.42105263,-7.3650355e+08,1.5158465,-1.0,1.4238643e-07,92.803154,0.4957507,0.2064926,65.86699,1903.0,34452.0,0.0020318124,2.6091678,农产品,-0.0018962026,0.64615387,0.11441587,0.64615387,-0.22557524,0.61538464,-0.22457628,0.5692308,0.069673784,0.015384615,-0.8953605,0.16923077,-0.36496723,0.30769232,-0.49018556,0.7076923,0.6743975,0.75384617,0.84267867,0.092307694,-1.0210655,0.75384617,0.8426786,0.42307693,-0.44785023,0.8384615,1.3872547,0.6615385,0.2888213,0.86153847,1.0962473,,,0.93846154,1.5102916,0.93846154,1.365201,,,,,,,,,0.95384616,1.6928302,0.9230769,1.4466306,,,,,,,,,0.95384616,1.2904251,0.8769231,0.38819823,,,,,,,,,0.8,0.29587105,0.7076923,-0.12403474,0.5538462,-0.20842533,0.015384615,-2.0979662,0.66923076,-0.23262101,0.13846155,-1.4097071,0.8769231,1.4794292,0.47692308,-0.25409633,0.47692308,-0.25409633,0.23076923,-0.7530737,0.73846155,0.6099933,0.5846154,-0.24600706,0.83076924,0.89542514,0.46153846,-0.021489205,0.50769234,-0.08718467,0.47692308,-0.41480148,0.33846155,-0.6953522,0.18461539,-1.069757,1.0,2.3932369,1.0,3.3741364,0.9846154,1.2268374,0.9692308,1.2181615,0.4,-0.39469197,0.4923077,-0.3051576,0.7692308,0.8989114,0.9846154,1.3782636,0.7076923,-0.12403474,0.5538462,-0.20842533,0.015384615,-2.0979662,0.2,-0.18140283,0.9076923,1.1992495,0.13846155,-1.5611428,0.73846155,-0.21513881,0.30769232,-0.49018553,0.6923077,0.8120342,0.95384616,1.5462372,0.7076923,0.6743975,0.6615385,-0.11756335,0.52307695,-0.2593612,0.5846154,-0.20611592,0.93846154,1.5264983,0.90909094,0.4639675,0.7153846,0.5784616,0.3,0.9208391770949731,0.5494685445748843,123.30073469637098,True,肯特纳突破
RB,2026-04-24,3181.0,3196.0,3179.0,3191.0,525851.0,1.759257e+06,1.6775341e+06,,,,,,,,,,,,,1032.12,RB.SHF.csv,,,0.0031436682,3181.2,3146.9,0.018512607,0.0046925116,-300.0,1,118.94435,1,80.27414,1.3146693,0.024402328,2.4440079,1.0,1.0,1.9879826,0.892,0.0,,0.8990779,0.18042552,,,,,0.65046364,0.6852391,,,,,0.5945235,1.3102165,,,,,1.6303401,1.7,2.3485882,0.0,0.1764706,-0.18297665,0.21354283,-1.0,0.57291436,0.0,0.0,-0.22599193,0.22599193,77.754776,0.643583,-0.043355167,0.35674322,-0.26943427,0.055555556,0.24603175,1.1972674,2.6970825,0.53174603,0.72619045,0.89344376,0.9230657,0.19444445,0.21031746,1.7,2.3485882,0.1764706,-7.3381094e+09,1.6437325,0.0,1.00181134e-08,118.94435,0.7184466,0.16395888,80.27414,49224.0,322208.0,0.00018000795,3.3455427,黑色,0.0031436682,0.8,0.49678668,0.26153848,-0.31870508,0.26153848,-0.31866688,0.7692308,0.51571697,0.046153847,-0.8759079,0.3846154,-0.15514909,0.6769231,0.18629594,0.9846154,1.6329371,0.9076923,1.190564,0.03076923,-1.1797907,0.9076923,1.1905639,0.9230769,2.1985373,0.8384615,1.3872547,0.61538464,0.25991282,0.8,1.0448617,,,0.8153846,0.559531,0.13846155,-0.60280466,,,,,,,,,0.7846154,0.36483636,0.12307692,-0.50529647,,,,,,,,,0.75384617,0.31305826,0.12307692,-0.5056983,,,,,,,,,0.6615385,-0.08035428,0.24615385,-0.12403474,0.2,-0.20842533,0.53846157,0.07768934,0.41538462,-0.26976007,0.21538462,-0.7883813,0.8,0.75004303,0.47692308,-0.25409633,0.47692308,-0.25409633,0.06153846,-1.338375,0.93846154,1.610013,0.21538462,-0.2964182,0.6,0.6729729,0.33846155,-0.12308711,0.2,-0.9137226,0.18461539,-0.71082455,0.092307694,-1.4287087,0.2769231,-0.8462598,0.41538462,-0.42910036,0.52307695,-0.22721918,0.34615386,-0.3821398,0.5538462,0.41114366,0.16923077,-0.8535404,0.24615385,-0.5630322,0.12307692,-1.3882546,0.15384616,-1.3072128,0.24615385,-0.12403474,0.2,-0.20842533,0.53846157,0.07768934,0.046153847,-0.68280053,0.9230769,1.3345423,0.6230769,0.46834284,0.015384615,-0.4493955,0.6769231,0.18629594,0.93846154,1.2583418,0.9230769,1.2204936,0.9846154,1.6329371,0.95384616,1.9291139,0.9692308,2.5925324,0.35384616,-0.26003978,0.9692308,2.382268,0.7777778,0.80172026,0.7846154,0.9738462,0.0,0.7928205446096568,0.567589768923246,120.9564969273645,True,资金强势流入、量仓共振
SR,2026-04-24,5400.0,5432.0,5389.0,5397.0,346033.0,589183.0,1.8724849e+06,,,,,,,,,,,,,1032.12,SR.ZCE.csv,,,0.0003707409,5376.0,5352.6,0.00840807,0.006318042,416.0,1,102.8171,1,77.578964,0.7355396,0.031301916,0.70661896,0.0,0.0,0.7372842,0.804,1.0,,0.16318788,0.0,,,,,0.036282644,0.0,,,,,0.22386104,0.7813996,,,,,1.162468,14.333333,5.1879907,1.0,0.55813956,-0.12909944,0.23511982,-1.0,0.52976036,0.0,0.0,0.11853199,0.11853199,47.02414,0.573524,1.0150422,0.5332102,0.30447742,0.20634921,0.23412699,1.8709345,7.142464,0.8730159,0.8730159,1.7983646,6.480167,0.8531746,0.8730159,14.333333,5.1879907,0.55813956,1.0222665e+09,0.88229895,0.0,2.4448847e-08,102.8171,0.35576922,0.074512556,77.578964,-2811.0,56534.0,0.0007959812,1.7026787,软商,0.0003707409,0.72307694,0.286407,0.44615385,-0.27956274,0.44615385,-0.27897373,0.5846154,0.07085466,0.21538462,-0.7420256,0.5538462,-0.12930977,0.43076923,-0.2310448,0.93846154,1.4536211,0.5692308,0.03144603,0.07692308,-1.0506101,0.5692308,0.03144607,0.42307693,-0.44785023,0.33846155,-0.7097582,0.47692308,-0.043550674,0.6769231,0.76224035,,,0.5692308,-0.031571396,0.046153847,-0.64408016,,,,,,,,,0.46153846,-0.17496626,0.015384615,-0.63819104,,,,,,,,,0.5538462,-0.00684701,0.046153847,-0.57840395,,,,,,,,,0.50769234,-0.37080622,0.8923077,-0.12403474,0.7076923,-0.20842533,0.9692308,1.4673929,0.66923076,-0.23262101,0.2923077,-0.6665558,0.72307694,0.60702974,0.47692308,-0.25409633,0.47692308,-0.25409633,0.93846154,1.6459333,0.5692308,0.019636255,0.10769231,-0.30291963,0.5692308,0.62778956,0.9846154,1.76238,0.2923077,-0.66555136,0.4,-0.4795826,0.24615385,-0.9563774,0.26153848,-0.8857005,0.6923077,0.41517088,0.83076924,0.8247802,0.76153845,0.85332495,0.74615383,0.8851066,0.64615387,0.011557583,0.73846155,0.10425485,0.7846154,0.94100654,0.84615386,1.0164897,0.8923077,-0.12403474,0.7076923,-0.20842533,0.9692308,1.4673929,0.7846154,-0.04782272,0.6923077,0.52900887,0.6230769,0.46834284,0.16923077,-0.42385697,0.43076923,-0.2310448,0.5538462,0.53149563,0.72307694,0.5354708,0.93846154,1.4536211,0.30769232,-0.32144824,0.6615385,-0.040510803,0.53846157,-0.24210288,0.75384617,0.47303203,1.0,0.24237564,0.63076925,0.74461544,0.6,0.8276923315341655,0.6738461651068467,106.65427030480943,True,肯特纳突破、资金强势流入
OI,2026-04-24,9640.0,9776.0,9638.0,9697.0,256870.0,233280.0,2.493598e+06,,,,,,,,,,,,,1032.12,OI.ZCE.csv,,,0.0050787926,9620.4,9535.5,0.025052905,0.0054659676,4042.0,1,127.95862,1,67.576614,0.6369084,0.05112362,0.41072515,0.0,0.0,0.69992524,0.624,0.0,,-1.1057525,1.6769698,,,,,0.17264381,2.1294878,,,,,0.18362463,1.3720797,,,,,0.7720853,2.4210527,2.3100708,0.0,0.557971,-0.12909944,0.41572273,-1.0,0.16855454,0.0,0.0,-0.08228425,0.08228425,199.41226,-1.2260125,-0.19061472,0.12998834,-0.48372576,0.11904762,0.18650794,0.931613,1.0182443,0.53174603,0.42857143,0.84739727,0.85135704,0.53571427,0.5595238,2.4210527,2.3100708,0.557971,1.5916333e+08,0.6586406,0.0,8.6619345e-08,127.95862,-0.064177364,-0.04787793,67.576614,15025.0,45344.0,0.0052267113,0.90816367,油脂,0.0050787926,0.84615386,0.64360297,0.72307694,-0.20386754,0.72307694,-0.20369945,0.86153847,0.8036601,0.10769231,-0.81220436,0.86153847,0.0015468773,0.73846155,0.419567,0.7846154,0.7881427,0.52307695,-0.16596262,0.32307693,-0.679489,0.52307695,-0.16596271,0.42307693,-0.44785023,0.33846155,-0.7097582,0.46153846,-0.05261527,0.4923077,0.18415128,,,0.13846155,-1.0508454,0.5846154,-0.26044452,,,,,,,,,0.5692308,-0.05511866,0.6769231,-0.22520028,,,,,,,,,0.53846157,-0.041573595,0.13846155,-0.49719286,,,,,,,,,0.23076923,-0.6131532,0.4923077,-0.12403474,0.16923077,-0.20842533,0.95384616,1.4667791,0.66923076,-0.23262101,0.5692308,0.35314295,0.36923078,-0.5900142,0.47692308,-0.25409633,0.47692308,-0.25409633,0.5846154,-0.09356147,0.33846155,-0.51682,0.47692308,-0.2706801,0.41538462,-0.5327912,0.13846155,-0.38542053,0.092307694,-1.2326152,0.15384616,-0.79716736,0.17692308,-1.2298324,0.20769231,-1.0434632,0.26153848,-0.7620309,0.36923078,-0.6245162,0.34615386,-0.3821398,0.33846155,-0.5495917,0.15384616,-0.89756054,0.21538462,-0.5716429,0.4,-0.18152907,0.42307693,-0.08274677,0.4923077,-0.12403474,0.16923077,-0.20842533,0.95384616,1.4667791,0.5538462,-0.11337615,0.6615385,0.29239696,0.6230769,0.46834284,0.53846157,-0.31383172,0.73846155,0.419567,0.41538462,-0.31012437,0.30769232,-0.40185422,0.7846154,0.7881427,0.86153847,0.4499753,0.63076925,-0.15141271,0.6923077,-0.11308164,0.4,-0.45030475,1.0,0.92425334,0.6769231,0.6769231,0.3,0.6553846392264733,0.5428461817227876,99.31383121296224,True,5日动量极强、肯特纳突破
C,2026-04-24,2422.0,2431.0,2413.0,2417.0,645447.0,1.481612e+06,1.5634335e+06,,,,,,,,,,,,,1032.12,C.DCE.csv,,,-0.003709793,2424.6,2401.0,0.0062447786,0.005986062,533.0,1,107.8253,1,65.30657,1.1812716,0.024481038,2.0438144,1.0,1.0,1.6678234,0.764,1.0,,0.40089566,1.231397,,,,,0.3191472,0.63431567,,,,,0.23877983,0.066005014,,,,,0.42157364,3.6,2.6961162,0.0,0.2777778,-0.28531834,0.2720394,-1.0,0.45592117,0.0,0.0,0.026355673,0.026355673,39.651707,0.009281103,0.2790058,0.60765743,-0.14277676,0.5555556,0.51984125,1.5397544,4.0214663,0.8730159,0.8730159,1.4255303,4.0517845,0.78571427,0.7222222,3.6,2.6961162,0.2777778,5.317907e+08,1.3906962,-1.0,1.3095577e-08,107.8253,0.54285717,-0.05572438,65.30657,-38309.0,339125.0,4.4231478e-05,2.2954822,农产品,-0.003709793,0.50769234,-0.023179736,0.2,-0.33219838,0.2,-0.33208987,0.43076923,-0.024386385,0.15384616,-0.76936823,0.5846154,-0.12508743,0.5692308,-0.101442635,0.6923077,0.6371117,0.7846154,0.9235708,0.046153847,-1.1783171,0.7846154,0.9235705,0.9230769,2.1985373,0.8384615,1.3872547,0.5846154,0.18223092,0.63076925,0.63377607,,,0.6769231,0.15936695,0.41538462,-0.36237693,,,,,,,,,0.6923077,0.07364292,0.07692308,-0.5151725,,,,,,,,,0.5846154,0.006028854,0.015384615,-0.6767616,,,,,,,,,0.046153847,-0.8307485,0.6769231,-0.12403474,0.30769232,-0.20842533,0.6615385,0.44656128,0.24615385,-0.34030697,0.33846155,-0.4581048,0.6769231,0.36232507,0.47692308,-0.25409633,0.47692308,-0.25409633,0.8,0.8474908,0.07692308,-1.3445472,0.07692308,-0.30447936,0.53846157,0.2638906,0.7846154,0.45117828,0.30769232,-0.5608539,0.24615385,-0.65979135,0.52307695,0.13744259,0.52307695,0.06087563,0.5692308,0.00012041534,0.6769231,0.086196184,0.76153845,0.85332495,0.74615383,0.8851066,0.43076923,-0.3448694,0.61538464,-0.1873411,0.66923076,0.7024676,0.6,0.487743,0.6769231,-0.12403474,0.30769232,-0.20842533,0.6615385,0.44656128,0.6769231,-0.08507478,0.8769231,1.0668508,0.13846155,-1.5611428,0.046153847,-0.4439492,0.5692308,-0.101442635,0.7692308,0.9064408,0.2769231,-0.46194607,0.6923077,0.6371117,0.015384615,-1.8567696,0.9846154,2.7601936,0.2923077,-0.26399353,0.9230769,1.161952,0.72727275,0.2620725,0.5307692,0.89692307,0.0,0.7071328980189104,0.47248254043322346,78.93044709912557,True,量仓共振
CF,2026-04-24,16225.0,16285.0,16145.0,16195.0,482495.0,815586.0,3.9116608e+06,,,,,,,,,,,,,1032.12,CF.ZCE.csv,,,-0.0055265427,16139.0,15905.0,0.016316295,0.010249457,110.0,1,170.26997,1,79.44188,1.3178295,0.045437805,2.4534883,0.0,1.0,3.7160378,0.948,2.0,,0.67565614,1.2763295,,,,,1.2846828,3.3807025,,,,,1.146573,4.4019685,,,,,2.7570252,4.6666665,6.1658235,0.0,0.071428575,-0.1779071,0.23939294,-1.0,0.5212141,0.0,0.0,-0.033708505,0.033708505,805.3574,0.7662912,0.13631599,0.82649314,-0.21138756,0.25,0.1388889,0.9527307,0.2521612,0.15476191,0.08730159,1.1392219,0.75469047,0.003968254,0.003968254,4.6666665,6.1658235,0.071428575,-6.7965254e+08,1.6747618,0.0,1.9897325e-08,170.26997,0.6226415,0.12638664,79.44188,-17501.0,64260.0,0.004046063,1.6903512,软商,-0.0055265427,0.33846155,-0.16101502,0.83076924,-0.087613955,0.8153846,-0.08907576,0.72307694,0.41902214,0.4,-0.41822544,0.50769234,-0.14035283,0.93846154,1.5144995,0.9692308,1.577565,0.9230769,1.1968892,0.23076923,-0.78594434,0.9230769,1.1968889,0.42307693,-0.44785023,0.8384615,1.3872547,0.8153846,0.6791999,0.9692308,1.2247117,,,0.7692308,0.38006783,0.44615385,-0.35209787,,,,,,,,,0.8923077,0.9222505,0.8,0.017459072,,,,,,,,,0.86153847,0.78951204,0.72307694,-0.08062137,,,,,,,,,0.84615386,0.6190844,0.7692308,-0.12403474,0.73846155,-0.20842533,0.3846154,-0.30478153,0.4923077,-0.26626548,0.30769232,-0.6424295,0.7076923,0.57870734,0.47692308,-0.25409633,0.47692308,-0.25409633,0.72307694,0.32720757,0.10769231,-1.2357272,0.83076924,-0.14248507,0.75384617,0.7521115,0.6615385,0.19698554,0.44615385,-0.25309825,0.21538462,-0.68743616,0.30769232,-0.8196499,0.15384616,-1.2012259,0.32307693,-0.73556525,0.18461539,-0.80580974,0.07692308,-1.7468972,0.092307694,-1.651235,0.2923077,-0.61857826,0.16923077,-0.5832504,0.015384615,-2.061776,0.015384615,-2.030761,0.7692308,-0.12403474,0.73846155,-0.20842533,0.3846154,-0.30478153,0.21538462,-0.17708495,0.93846154,1.3673686,0.6230769,0.46834284,0.12307692,-0.43191195,0.93846154,1.5144995,0.83076924,1.0663375,0.8769231,0.9327474,0.9692308,1.577565,0.06153846,-0.9568044,0.6923077,0.036060076,0.64615387,-0.14746168,0.73846155,0.45870584,0.4,0.4304563,0.84615386,0.77538466,0.3,0.5476923172290509,0.6039231068354386,58.92244709732552,True,肯特纳突破、资金强势流入
IC,2026-04-24,8150.8,8193.8,8042.0,8132.8,97813.0,154408.0,1.5866423e+07,,,,,,,,,,,,,1032.12,IC.CFX.csv,,,-0.005405426,8168.92,8065.96,0.0041981936,0.010858865,3643.0117,1,120.11657,1,64.057175,1.1056442,0.06681644,1.8169329,0.0,1.0,4.046699,0.824,1.0,,0.36275724,1.5056548,,,,,-0.03400408,1.2730855,,,,,-0.13024233,1.9497014,,,,,0.81770426,8.433323,4.157425,0.0,-0.31488714,-0.015335363,0.59506816,1.0,0.19013631,1.0,0.0,-0.01607209,0.01607209,419.39386,-0.7163505,-0.15005527,0.6819373,0.3585959,0.4563492,0.45238096,0.6580195,-0.08564255,0.46825397,0.2857143,1.0183314,1.3492439,0.85714287,0.7619048,8.433323,4.157425,-0.31488714,3.3756675e+08,-0.18526538,0.0,2.1679536e-07,120.11657,0.65405697,-0.071077816,64.057175,-4830.0,2936.0,0.011580382,1.5786041,金融,-0.005405426,0.35384616,-0.151826,0.5692308,-0.22975342,0.5538462,-0.23014487,0.3846154,-0.11448933,0.47692308,-0.36803326,0.84615386,-0.012851983,0.6923077,0.21663058,0.6615385,0.55398655,0.73846155,0.77220404,0.53846157,-0.3856729,0.73846155,0.77220404,0.42307693,-0.44785023,0.8384615,1.3872547,0.83076924,0.75942993,0.72307694,0.8264724,,,0.6615385,0.12873234,0.5538462,-0.29963577,,,,,,,,,0.43076923,-0.23674116,0.30769232,-0.39129007,,,,,,,,,0.30769232,-0.31246075,0.2769231,-0.41777718,,,,,,,,,0.32307693,-0.58483326,0.84615386,-0.12403474,0.5846154,-0.20842533,0.046153847,-1.7114044,0.8153846,-0.15420035,0.93846154,1.3657418,0.41538462,-0.5184918,0.97692305,3.5,0.47692308,-0.25409633,0.73846155,0.47997633,0.046153847,-1.4967412,0.6923077,-0.2241403,0.46153846,-0.20409332,0.2,-0.3131665,0.35384616,-0.45639178,0.43076923,-0.45777705,0.46153846,-0.17330182,0.47692308,-0.16262147,0.10769231,-1.1049112,0.15384616,-0.885751,0.26153848,-0.6119937,0.1923077,-1.0107447,0.26153848,-0.7341487,0.32307693,-0.5118575,0.8,0.9550382,0.6615385,0.62688696,0.84615386,-0.12403474,0.5846154,-0.20842533,0.046153847,-1.7114044,0.63076925,-0.09982626,0.2923077,-0.60038537,0.6230769,0.46834284,0.8,-0.083454795,0.6923077,0.21663058,0.8769231,1.1292976,0.23076923,-0.57953006,0.6615385,0.55398655,0.24615385,-0.40877187,0.21538462,-0.5717101,0.75384617,0.07193489,0.6769231,0.32884014,0.5,0.9925254,0.5538462,0.34923077,0.7,0.5646153965363137,0.5446923295534574,50.161071782415036,True,肯特纳突破
NI,2026-04-24,143560.0,146340.0,143380.0,144750.0,455968.0,175990.0,6.6069275e+06,,,,,,,,,,,,,1032.12,NI.SHF.csv,,,0.018505454,141982.0,141332.0,0.007096648,0.013638223,140310.0,1,167.42427,1,71.86621,1.2832674,0.06317564,2.349802,0.0,1.0,4.9483414,0.92,1.0,,0.049087018,0.17534426,,,,,-0.81883544,2.679016,,,,,-0.5046455,2.8191617,,,,,1.3606505,2.487395,4.4171185,0.0,0.47635135,-0.26001143,0.50589347,0.0,0.011786938,0.0,0.0,-0.11075587,0.11075587,7174.2783,-0.31332105,0.7324747,0.14672668,-0.70575494,0.043650795,0.12698413,0.7665967,0.5199478,0.36507937,0.50793654,1.4619948,1.9985719,0.53174603,0.5833333,2.487395,4.4171185,0.47635135,1.0153445e+11,0.17984363,0.0,7.728101e-08,167.42427,0.4978102,0.017422056,71.86621,22783.0,66130.0,0.015424165,0.38597006,有色,0.018505454,0.9692308,1.6622726,0.9692308,2.156687,0.9692308,2.1680725,0.46153846,0.013118022,0.63076925,-0.1391192,0.9846154,3.5,0.9230769,1.4408585,0.84615386,1.073539,0.86153847,1.1277137,0.4923077,-0.45383948,0.86153847,1.1277134,0.42307693,-0.44785023,0.8384615,1.3872547,0.8923077,0.9782,0.9153846,1.1347866,,,0.52307695,-0.12322271,0.12307692,-0.60396713,,,,,,,,,0.092307694,-0.92652804,0.72307694,-0.1186253,,,,,,,,,0.13846155,-0.6355945,0.44615385,-0.29823735,,,,,,,,,0.5538462,-0.24777578,0.50769234,-0.12403474,0.63076925,-0.20842533,0.8769231,1.169592,0.2923077,-0.32286224,0.7846154,0.8622543,0.06153846,-1.1095455,0.47692308,-0.25409633,0.47692308,-0.25409633,0.43076923,-0.34018612,0.50769234,-0.0954481,0.95384616,1.204937,0.4923077,0.055833746,0.95384616,1.2590041,0.10769231,-1.2090756,0.10769231,-0.88662785,0.06153846,-1.4659979,0.115384616,-1.2406666,0.15384616,-0.96883714,0.23076923,-0.742438,0.18461539,-0.98550624,0.3846154,-0.29339552,0.4923077,-0.31000966,0.41538462,-0.4338873,0.3846154,-0.19556071,0.46923077,0.0007394393,0.50769234,-0.12403474,0.63076925,-0.20842533,0.8769231,1.169592,1.0,3.5,0.41538462,-0.21413043,0.6230769,0.46834284,0.4923077,-0.33035806,0.9230769,1.4408585,0.72307694,0.8161617,0.44615385,0.09824437,0.84615386,1.073539,0.9230769,0.785516,0.72307694,0.054593284,0.84615386,0.18386444,0.092307694,-1.0571662,1.0,0.63193655,0.68846154,0.76,0.3,0.8092307930726271,0.58603845005769,42.97029515294575,True,肯特纳突破、资金强势流入
UR,2026-04-24,2015.0,2034.0,1993.0,2015.0,499108.0,360540.0,2.0098144e+06,,,,,,,,,,,,,1032.12,UR.ZCE.csv,,,0.003986001,1992.6,1924.7,0.04134369,0.0154796885,-33.0,1,207.737,1,57.831352,1.6737089,0.056349207,3.5211267,0.0,1.0,6.6137567,0.992,2.0,,1.2069886,1.2745246,,,,,1.003337,1.9606961,,,,,1.146652,2.943627,,,,,2.8614676,4.1e+10,8.2000005e+09,0.0,-0.07317073,4.570227,0.03442173,-1.0,0.9311565,0.0,0.0,-0.13039716,0.13039716,148.44624,0.5697133,0.15009895,2.0359368,3.8609817,0.7777778,0.6785714,2.3065393,5.9403896,0.6825397,0.6507937,3.2548492,13.115697,0.9880952,0.8452381,4.1e+10,8.2000005e+09,-0.07317073,1.1538017e+09,2.871942,0.0,8.598956e-08,207.737,0.70454544,0.07433208,57.831352,-3061.0,150641.0,0.00053106394,0.7223687,能化,0.003986001,0.83076924,0.5606938,0.13846155,-0.33990273,0.13846155,-0.34066123,0.9692308,1.5208781,0.6923077,0.012548065,0.43076923,-0.14551347,0.9846154,2.4840708,0.5538462,0.13976881,0.9846154,1.9091758,0.44615385,-0.58165056,0.9846154,1.9091755,0.42307693,-0.44785023,0.8384615,1.3872547,0.9230769,1.3822886,1.0,1.3660222,,,0.8769231,0.80685973,0.43076923,-0.35251078,,,,,,,,,0.84615386,0.6749762,0.63076925,-0.25793558,,,,,,,,,0.8769231,0.7895803,0.47692308,-0.28112492,,,,,,,,,0.86153847,0.6839215,1.0,3.5,0.9692308,1.6308247,0.23076923,-0.83128536,0.95384616,3.0067527,0.07692308,-1.7997136,0.93846154,1.9372653,0.47692308,-0.25409633,0.47692308,-0.25409633,0.30769232,-0.5103213,0.64615387,0.1952374,0.32307693,-0.28146255,0.5538462,0.6253319,0.6923077,0.221539,0.9230769,1.447781,0.8769231,0.9534126,0.74615383,0.83350974,0.65384614,0.5867513,0.8,0.9610913,0.75384617,0.5403093,0.53846157,0.16376328,0.50769234,0.1677575,0.9076923,1.4039466,0.8923077,0.90103775,0.9846154,1.418084,0.7692308,0.91908896,1.0,3.5,0.9692308,1.6308247,0.23076923,-0.83128536,0.8153846,-0.037832506,1.0,2.6338856,0.6230769,0.46834284,0.52307695,-0.31494623,0.9846154,2.4840705,0.9230769,1.2304821,0.7076923,0.5340886,0.5538462,0.13976881,0.2923077,-0.33226097,0.8923077,0.8921653,0.47692308,-0.24981715,0.26153848,-0.6662243,0.6666667,0.31624487,0.9846154,0.7907692,0.3,0.7507692665320176,0.6634615358756139,42.86013471629034,True,5日动量极强、肯特纳突破、量仓共振
PG,2026-04-24,5520.0,5782.0,5505.0,5630.0,118506.0,66832.0,1.3372088e+06,,,,,,,,,,,,,1032.12,PG.DCE.csv,,,0.016245484,5491.6,5582.7,0.0372144,0.021079952,2988.0,1,49.31082,1,52.78975,0.22267683,0.17356756,-0.83196956,0.0,0.0,-4.813431,0.088,2.0,,-0.24666248,1.9273522,,,,,-0.2913026,1.908688,,,,,-0.06581322,4.545583,,,,,0.90977114,2.5181818,3.7351203,0.0,0.49458483,-0.22890006,0.56996197,1.0,0.13992393,0.0,1.0,-0.06265268,0.06265268,570.91907,-2.0928595,0.032367,2.4710884,7.76622,0.98015875,0.98015875,2.4909828,6.4612947,0.9166667,0.9126984,3.6272004,14.942378,0.88095236,0.72619045,2.5181818,3.7351203,0.49458483,-6.067308e+07,-1.3072134,0.0,4.7594298e-07,49.31082,-0.5358478,0.0060529774,52.78975,500.0,13798.0,0.014639803,0.5639546,能化,0.016245484,0.93846154,1.4908106,0.46153846,-0.2775011,0.46153846,-0.2748329,0.95384616,1.3390819,0.8153846,0.47379833,0.8153846,-0.03649033,0.06153846,-1.6156794,0.41538462,-0.19566019,0.13846155,-0.99504,0.8923077,1.6130244,0.13846155,-0.99504,0.42307693,-0.44785023,0.33846155,-0.7097582,0.07692308,-1.3903496,0.092307694,-1.5372696,,,0.33846155,-0.36078298,0.64615387,-0.20316526,,,,,,,,,0.2,-0.46288034,0.61538464,-0.26802197,,,,,,,,,0.33846155,-0.25685433,0.7846154,-0.060876213,,,,,,,,,0.3846154,-0.5276787,0.52307695,-0.12403474,0.50769234,-0.20842533,0.9076923,1.2359824,0.33846155,-0.3014163,0.9230769,1.2239903,0.33846155,-0.6848967,0.47692308,-0.25409633,0.97692305,3.5,0.63076925,0.0764896,0.26153848,-0.8073617,0.73846155,-0.19208333,0.16923077,-1.0918497,0.4923077,0.011807078,0.95384616,2.0597484,0.95384616,2.5269206,0.9846154,1.4674281,0.9846154,1.5859152,0.86153847,1.1922445,0.7692308,0.6635815,0.8,1.0113496,0.8,1.0132046,0.95384616,1.7599117,0.93846154,1.1203824,0.8769231,1.0392282,0.61538464,0.5016573,0.52307695,-0.12403474,0.50769234,-0.20842533,0.9076923,1.2359824,0.35384616,-0.13007292,0.046153847,-1.7873131,0.6230769,0.46834284,0.86153847,0.37516758,0.06153846,-1.6156794,0.15384616,-1.2554046,0.3846154,0.011174521,0.41538462,-0.19566019,0.5692308,-0.1782444,0.3846154,-0.46405897,0.8153846,0.16102412,0.13846155,-0.8503235,0.9047619,0.89746433,0.52307695,0.39384618,0.7,0.6782417854895959,0.5617472716294802,26.64841335346704,True,5日动量极强、肯特纳突破
LC,2026-04-24,178000.0,179980.0,174500.0,177900.0,246726.0,455510.0,4.379939e+06,,,,,,,,,,,,,1032.12,LC.GFE.csv,,,-0.00033718348,177112.0,173824.0,0.0019148588,0.023420371,-63080.0,1,215.96558,1,69.177414,0.9819199,0.13828582,1.4457597,0.0,0.0,6.6642685,0.692,0.0,,-0.4696299,0.5333164,,,,,-0.46186075,0.63398784,,,,,-0.49280155,0.8146442,,,,,0.8015884,54.8,12.894471,1.0,-0.2591241,5.0807076,0.32529846,-1.0,0.34940308,0.0,0.0,0.050096497,0.050096497,11296.501,-0.17950036,0.6972525,0.4026636,-0.2501781,0.26587301,0.27380952,1.1621149,0.6060566,0.6547619,0.32142857,1.3887779,2.205111,0.5555556,0.5595238,54.8,12.894471,-0.2591241,-2.7895043e+09,0.9067193,0.0,1.428412e-07,215.96558,0.3990711,0.118266635,69.177414,14371.0,46761.0,0.0072710165,1.8462181,有色,-0.00033718348,0.6923077,0.23269735,0.9846154,2.7832,0.9846154,2.7527893,0.33846155,-0.21501541,0.84615386,0.6665605,0.015384615,-2.4207807,1.0,2.6970096,0.8153846,0.8946474,0.64615387,0.5245719,0.8,0.9524455,0.64615387,0.52457184,0.42307693,-0.44785023,0.33846155,-0.7097582,0.93846154,1.3945444,0.5538462,0.40254036,,,0.2,-0.53988117,0.2,-0.5220749,,,,,,,,,0.13846155,-0.6127837,0.06153846,-0.5152361,,,,,,,,,0.15384616,-0.6253724,0.06153846,-0.5738332,,,,,,,,,0.2769231,-0.59483784,0.95384616,-0.124034725,0.8769231,-0.20842533,0.10769231,-1.5083644,0.9692308,3.358641,0.4,-0.15739988,0.61538464,0.009321789,0.47692308,-0.25409633,0.47692308,-0.25409633,0.86153847,1.0531367,0.18461539,-0.99318963,0.9692308,2.077043,0.52307695,0.14213915,0.93846154,1.1962581,0.24615385,-0.84914327,0.2,-0.70306575,0.32307693,-0.7699308,0.33076924,-0.75423163,0.3846154,-0.4731552,0.2769231,-0.7220604,0.4923077,0.06320216,0.24615385,-0.89545655,0.41538462,-0.38000453,0.43076923,-0.40908644,0.43076923,-0.11137045,0.42307693,-0.08274677,0.95384616,-0.124034725,0.8769231,-0.20842533,0.10769231,-1.5083644,0.092307694,-0.33732998,0.7076923,0.5548436,0.6230769,0.46834284,0.75384617,-0.21433398,1.0,2.6970096,0.6,0.61827743,0.86153847,0.87056047,0.8153846,0.8946474,0.84615386,0.42168918,0.64615387,-0.1373691,0.7076923,-0.05355223,0.8,0.6398448,0.7777778,0.6375568,0.44615388,0.6969231,0.6,0.5466666984558106,0.5852820806503296,24.990299161838873,True,肯特纳突破、资金强势流入
